Year,Ward,Week,People in Ward,Season,Construction,Water Usage
2015,1,1,452,1,0,151872
2015,1,2,452,1,0,148708
2015,1,3,452,1,0,148708
2015,1,4,452,1,0,155036
2015,1,5,452,1,1,179208
2015,1,6,452,1,0,151872
2015,1,7,452,1,0,161364
2015,1,8,452,1,0,155036
2015,1,9,452,1,0,151872
2015,1,10,452,1,0,161364
2015,1,11,452,1,1,177500
2015,1,12,452,1,0,155036
2015,1,13,452,1,0,158200
2015,1,14,452,1,1,176171
2015,1,15,452,1,1,177690
2015,1,16,452,1,1,175602
2015,1,18,452,2,0,94920
2015,1,19,452,2,0,85428
2015,1,20,452,2,0,98084
2015,1,21,452,2,1,97387
2015,1,22,452,2,0,104412
2015,1,23,452,2,0,91756
2015,1,24,452,2,1,102766
2015,1,25,452,2,1,112385
2015,1,26,452,2,1,117447
2015,1,27,452,2,1,110834
2015,1,28,452,2,0,88592
2015,1,29,452,2,0,85428
2015,1,30,452,2,1,123206
2015,1,31,452,2,0,85428
2015,1,32,452,2,1,102766
2015,1,33,452,2,1,100108
2015,1,34,452,2,0,85428
2015,1,35,452,3,1,128774
2015,1,36,452,3,0,120232
2015,1,37,452,3,0,123396
2015,1,38,452,3,0,129724
2015,1,39,452,3,1,138140
2015,1,40,452,3,1,143076
2015,1,41,452,3,0,126560
2015,1,42,452,3,0,123396
2015,1,43,452,3,0,132888
2015,1,44,452,3,1,138203
2015,1,45,452,3,0,123396
2015,1,46,452,3,0,117068
2015,1,47,452,3,0,117068
2015,1,48,452,3,0,126560
2015,1,49,452,3,0,123396
2015,1,50,452,3,0,117068
2015,1,51,452,3,1,129945
2015,1,52,452,3,1,140671
2015,2,1,580,1,0,207060
2015,2,2,580,1,1,223300
2015,2,3,580,1,1,221351
2015,2,4,580,1,0,207060
2015,2,5,580,1,1,224112
2015,2,6,580,1,1,216316
2015,2,7,580,1,0,190820
2015,2,8,580,1,1,236048
2015,2,9,580,1,1,229958
2015,2,10,580,1,0,190820
2015,2,11,580,1,1,244330
2015,2,12,580,1,1,244330
2015,2,13,580,1,0,207060
2015,2,14,580,1,0,190820
2015,2,15,580,1,1,209902
2015,2,16,580,1,1,229958
2015,2,18,580,2,1,131868
2015,2,19,580,2,1,120582
2015,2,20,580,2,1,142506
2015,2,21,580,2,1,127159
2015,2,22,580,2,0,113680
2015,2,23,580,2,1,134142
2015,2,24,580,2,0,129920
2015,2,25,580,2,1,140963
2015,2,26,580,2,0,109620
2015,2,27,580,2,1,145997
2015,2,28,580,2,1,129514
2015,2,29,580,2,1,129595
2015,2,30,580,2,1,156756
2015,2,31,580,2,0,109620
2015,2,32,580,2,0,125860
2015,2,33,580,2,1,154604
2015,2,34,580,2,1,130691
2015,2,35,580,3,1,178640
2015,2,36,580,3,1,194758
2015,2,37,580,3,1,168246
2015,2,38,580,3,0,154280
2015,2,39,580,3,1,196098
2015,2,40,580,3,0,154280
2015,2,41,580,3,1,165242
2015,2,42,580,3,0,154280
2015,2,43,580,3,0,158340
2015,2,44,580,3,1,187572
2015,2,45,580,3,1,196422
2015,2,46,580,3,1,175757
2015,2,47,580,3,1,193093
2015,2,48,580,3,1,172753
2015,2,49,580,3,0,170520
2015,2,50,580,3,1,196422
2015,2,51,580,3,0,150220
2015,2,52,580,3,1,178924
2015,3,1,640,1,1,259840
2015,3,2,640,1,1,260467
2015,3,3,640,1,1,255360
2015,3,4,640,1,0,224000
2015,3,5,640,1,0,224000
2015,3,6,640,1,1,245145
2015,3,7,640,1,0,228480
2015,3,8,640,1,1,250566
2015,3,9,640,1,0,215040
2015,3,10,640,1,0,219520
2015,3,11,640,1,1,245145
2015,3,12,640,1,0,219520
2015,3,13,640,1,0,215040
2015,3,14,640,1,0,228480
2015,3,15,640,1,0,228480
2015,3,16,640,1,1,251596
2015,3,18,640,2,1,145510
2015,3,19,640,2,0,143360
2015,3,20,640,2,1,152768
2015,3,21,640,2,0,134400
2015,3,22,640,2,1,172972
2015,3,23,640,2,0,138880
2015,3,24,640,2,0,125440
2015,3,25,640,2,1,153305
2015,3,26,640,2,0,143360
2015,3,27,640,2,1,161996
2015,3,28,640,2,0,120960
2015,3,29,640,2,1,171494
2015,3,30,640,2,0,129920
2015,3,31,640,2,0,138880
2015,3,32,640,2,1,134265
2015,3,33,640,2,0,129920
2015,3,34,640,2,0,125440
2015,3,35,640,3,0,165760
2015,3,36,640,3,1,203884
2015,3,37,640,3,0,165760
2015,3,38,640,3,0,188160
2015,3,39,640,3,1,188966
2015,3,40,640,3,0,188160
2015,3,41,640,3,0,188160
2015,3,42,640,3,0,165760
2015,3,43,640,3,1,203884
2015,3,44,640,3,1,197254
2015,3,45,640,3,0,170240
2015,3,46,640,3,1,207558
2015,3,47,640,3,0,174720
2015,3,48,640,3,0,170240
2015,3,49,640,3,1,195686
2015,3,50,640,3,1,212620
2015,3,51,640,3,1,220147
2015,3,52,640,3,1,188966
2015,4,1,320,1,0,109760
2015,4,2,320,1,1,126560
2015,4,3,320,1,1,131376
2015,4,4,320,1,0,109760
2015,4,5,320,1,0,109760
2015,4,6,320,1,0,114240
2015,4,7,320,1,1,125440
2015,4,8,320,1,0,107520
2015,4,9,320,1,1,127948
2015,4,10,320,1,0,107520
2015,4,11,320,1,1,118272
2015,4,12,320,1,0,112000
2015,4,13,320,1,0,105280
2015,4,14,320,1,1,127321
2015,4,15,320,1,0,107520
2015,4,16,320,1,1,118272
2015,4,18,320,2,1,83529
2015,4,19,320,2,0,62720
2015,4,20,320,2,1,81939
2015,4,21,320,2,0,62720
2015,4,22,320,2,0,64960
2015,4,23,320,2,0,64960
2015,4,24,320,2,1,82633
2015,4,25,320,2,1,80550
2015,4,26,320,2,1,77280
2015,4,27,320,2,1,85299
2015,4,28,320,2,0,62720
2015,4,29,320,2,1,76384
2015,4,30,320,2,1,71456
2015,4,31,320,2,1,78848
2015,4,32,320,2,0,69440
2015,4,33,320,2,0,64960
2015,4,34,320,2,1,85747
2015,4,35,320,3,1,97888
2015,4,36,320,3,1,91996
2015,4,37,320,3,1,103040
2015,4,38,320,3,0,89600
2015,4,39,320,3,0,94080
2015,4,40,320,3,0,82880
2015,4,41,320,3,1,107251
2015,4,42,320,3,1,101024
2015,4,43,320,3,1,101337
2015,4,44,320,3,0,94080
2015,4,45,320,3,1,103040
2015,4,46,320,3,0,82880
2015,4,47,320,3,0,87360
2015,4,48,320,3,0,87360
2015,4,49,320,3,1,102144
2015,4,50,320,3,1,95334
2015,4,51,320,3,1,100352
2015,4,52,320,3,0,94080
2015,5,1,150,1,1,57246
2015,5,2,150,1,0,49350
2015,5,3,150,1,1,59976
2015,5,4,150,1,1,63724
2015,5,5,150,1,1,62118
2015,5,6,150,1,0,49350
2015,5,7,150,1,1,57739
2015,5,8,150,1,1,61425
2015,5,9,150,1,1,56752
2015,5,10,150,1,0,52500
2015,5,11,150,1,1,55272
2015,5,12,150,1,1,62653
2015,5,13,150,1,1,58233
2015,5,14,150,1,1,58968
2015,5,15,150,1,1,59325
2015,5,16,150,1,0,53550
2015,5,18,150,2,0,28350
2015,5,19,150,2,0,28350
2015,5,20,150,2,0,28350
2015,5,21,150,2,0,28350
2015,5,22,150,2,0,31500
2015,5,23,150,2,0,34650
2015,5,24,150,2,1,32340
2015,5,25,150,2,0,32550
2015,5,26,150,2,1,40887
2015,5,27,150,2,0,29400
2015,5,28,150,2,0,29400
2015,5,29,150,2,0,33600
2015,5,30,150,2,0,31500
2015,5,31,150,2,1,38083
2015,5,32,150,2,0,32550
2015,5,33,150,2,0,29400
2015,5,34,150,2,1,36225
2015,5,35,150,3,1,46683
2015,5,36,150,3,1,47355
2015,5,37,150,3,0,40950
2015,5,38,150,3,0,44100
2015,5,39,150,3,0,38850
2015,5,40,150,3,1,47911
2015,5,41,150,3,1,45486
2015,5,42,150,3,1,45045
2015,5,43,150,3,0,39900
2015,5,44,150,3,1,46273
2015,5,45,150,3,1,48730
2015,5,46,150,3,0,40950
2015,5,47,150,3,1,50274
2015,5,48,150,3,1,47082
2015,5,49,150,3,0,43050
2015,5,50,150,3,1,49392
2015,5,51,150,3,1,44677
2015,5,52,150,3,1,47355
2015,6,1,856,1,0,293608
2015,6,2,856,1,1,318235
2015,6,3,856,1,1,349393
2015,6,4,856,1,0,287616
2015,6,5,856,1,0,287616
2015,6,6,856,1,0,305592
2015,6,7,856,1,0,299600
2015,6,8,856,1,0,299600
2015,6,9,856,1,0,299600
2015,6,10,856,1,1,328840
2015,6,11,856,1,1,340585
2015,6,12,856,1,0,287616
2015,6,13,856,1,1,363654
2015,6,14,856,1,0,299600
2015,6,15,856,1,0,287616
2015,6,16,856,1,0,299600
2015,6,18,856,2,0,179760
2015,6,19,856,2,1,203128
2015,6,20,856,2,1,199653
2015,6,21,856,2,0,167776
2015,6,22,856,2,0,197736
2015,6,23,856,2,1,179580
2015,6,24,856,2,0,161784
2015,6,25,856,2,0,197736
2015,6,26,856,2,0,179760
2015,6,27,856,2,0,197736
2015,6,28,856,2,0,161784
2015,6,29,856,2,0,191744
2015,6,30,856,2,0,167776
2015,6,31,856,2,1,219486
2015,6,32,856,2,0,197736
2015,6,33,856,2,0,161784
2015,6,34,856,2,1,217329
2015,6,35,856,3,0,251664
2015,6,36,856,3,0,251664
2015,6,37,856,3,0,221704
2015,6,38,856,3,0,233688
2015,6,39,856,3,0,227696
2015,6,40,856,3,1,289413
2015,6,41,856,3,1,252742
2015,6,42,856,3,0,251664
2015,6,43,856,3,1,285219
2015,6,44,856,3,0,227696
2015,6,45,856,3,1,259393
2015,6,46,856,3,0,251664
2015,6,47,856,3,0,251664
2015,6,48,856,3,1,268741
2015,6,49,856,3,0,239680
2015,6,50,856,3,0,245672
2015,6,51,856,3,0,245672
2015,6,52,856,3,0,227696
2016,1,1,452,1,1,180727
2016,1,2,452,1,1,188258
2016,1,3,452,1,1,177184
2016,1,4,452,1,0,148708
2016,1,5,452,1,0,148708
2016,1,6,452,1,0,151872
2016,1,7,452,1,0,155036
2016,1,8,452,1,1,175190
2016,1,9,452,1,0,155036
2016,1,10,452,1,0,148708
2016,1,11,452,1,0,148708
2016,1,12,452,1,0,161364
2016,1,13,452,1,0,155036
2016,1,14,452,1,0,158200
2016,1,15,452,1,0,158200
2016,1,16,452,1,0,158200
2016,1,18,452,2,1,108272
2016,1,19,452,2,1,100805
2016,1,20,452,2,1,121117
2016,1,21,452,2,0,94920
2016,1,22,452,2,1,111372
2016,1,23,452,2,0,104412
2016,1,24,452,2,1,123206
2016,1,25,452,2,0,91756
2016,1,26,452,2,0,104412
2016,1,27,452,2,0,91756
2016,1,28,452,2,1,107892
2016,1,29,452,2,1,112385
2016,1,30,452,2,1,111815
2016,1,31,452,2,0,94920
2016,1,32,452,2,1,107892
2016,1,33,452,2,0,98084
2016,1,34,452,2,1,109854
2016,1,35,452,3,0,132888
2016,1,36,452,3,1,153074
2016,1,37,452,3,1,148834
2016,1,38,452,3,1,158136
2016,1,39,452,3,0,117068
2016,1,40,452,3,1,142696
2016,1,41,452,3,0,120232
2016,1,42,452,3,1,145290
2016,1,43,452,3,0,129724
2016,1,44,452,3,1,137064
2016,1,45,452,3,1,141747
2016,1,46,452,3,1,144373
2016,1,47,452,3,1,146588
2016,1,48,452,3,0,132888
2016,1,49,452,3,0,123396
2016,1,50,452,3,1,128774
2016,1,51,452,3,1,140481
2016,1,52,452,3,0,129724
2016,2,1,580,1,0,198940
2016,2,2,580,1,0,198940
2016,2,3,580,1,1,240189
2016,2,4,580,1,0,207060
2016,2,5,580,1,1,224112
2016,2,6,580,1,1,230770
2016,2,7,580,1,0,194880
2016,2,8,580,1,1,227075
2016,2,9,580,1,1,219443
2016,2,10,580,1,1,221351
2016,2,11,580,1,1,235480
2016,2,12,580,1,0,203000
2016,2,13,580,1,1,220823
2016,2,14,580,1,1,223300
2016,2,15,580,1,0,203000
2016,2,16,580,1,1,227766
2016,2,18,580,2,1,137755
2016,2,19,580,2,1,149408
2016,2,20,580,2,0,121800
2016,2,21,580,2,1,130732
2016,2,22,580,2,0,129920
2016,2,23,580,2,0,129920
2016,2,24,580,2,0,125860
2016,2,25,580,2,0,125860
2016,2,26,580,2,0,109620
2016,2,27,580,2,1,150057
2016,2,28,580,2,1,123870
2016,2,29,580,2,1,147256
2016,2,30,580,2,0,121800
2016,2,31,580,2,1,159436
2016,2,32,580,2,1,140110
2016,2,33,580,2,0,121800
2016,2,34,580,2,1,120582
2016,2,35,580,3,1,174255
2016,2,36,580,3,0,158340
2016,2,37,580,3,1,192687
2016,2,38,580,3,0,166460
2016,2,39,580,3,1,188099
2016,2,40,580,3,1,199508
2016,2,41,580,3,1,166744
2016,2,42,580,3,0,170520
2016,2,43,580,3,0,162400
2016,2,44,580,3,0,154280
2016,2,45,580,3,0,154280
2016,2,46,580,3,0,166460
2016,2,47,580,3,0,154280
2016,2,48,580,3,1,178964
2016,2,49,580,3,1,193093
2016,2,50,580,3,0,170520
2016,2,51,580,3,1,185257
2016,2,52,580,3,1,168246
2016,3,1,640,1,0,228480
2016,3,2,640,1,1,248460
2016,3,3,640,1,0,215040
2016,3,4,640,1,0,228480
2016,3,5,640,1,1,259033
2016,3,6,640,1,0,228480
2016,3,7,640,1,1,267321
2016,3,8,640,1,1,267321
2016,3,9,640,1,0,228480
2016,3,10,640,1,1,264320
2016,3,11,640,1,1,251328
2016,3,12,640,1,1,245862
2016,3,13,640,1,0,219520
2016,3,14,640,1,0,224000
2016,3,15,640,1,1,255360
2016,3,16,640,1,1,245862
2016,3,18,640,2,1,162624
2016,3,19,640,2,0,120960
2016,3,20,640,2,0,120960
2016,3,21,640,2,0,120960
2016,3,22,640,2,0,143360
2016,3,23,640,2,1,150528
2016,3,24,640,2,0,147840
2016,3,25,640,2,0,120960
2016,3,26,640,2,1,159712
2016,3,27,640,2,0,129920
2016,3,28,640,2,1,165267
2016,3,29,640,2,1,149273
2016,3,30,640,2,1,153305
2016,3,31,640,2,0,143360
2016,3,32,640,2,0,120960
2016,3,33,640,2,1,145510
2016,3,34,640,2,1,139238
2016,3,35,640,3,1,202048
2016,3,36,640,3,1,187264
2016,3,37,640,3,0,179200
2016,3,38,640,3,0,188160
2016,3,39,640,3,1,216742
2016,3,40,640,3,1,211232
2016,3,41,640,3,1,207872
2016,3,42,640,3,1,195686
2016,3,43,640,3,1,211456
2016,3,44,640,3,1,218265
2016,3,45,640,3,1,216384
2016,3,46,640,3,1,193939
2016,3,47,640,3,0,188160
2016,3,48,640,3,0,170240
2016,3,49,640,3,1,213248
2016,3,50,640,3,0,165760
2016,3,51,640,3,0,165760
2016,3,52,640,3,0,174720
2016,4,1,320,1,1,131040
2016,4,2,320,1,1,123648
2016,4,3,320,1,0,112000
2016,4,4,320,1,0,105280
2016,4,5,320,1,0,112000
2016,4,6,320,1,0,107520
2016,4,7,320,1,0,112000
2016,4,8,320,1,0,109760
2016,4,9,320,1,1,125126
2016,4,10,320,1,1,125664
2016,4,11,320,1,1,121072
2016,4,12,320,1,1,132518
2016,4,13,320,1,0,114240
2016,4,14,320,1,0,109760
2016,4,15,320,1,0,114240
2016,4,16,320,1,1,119347
2016,4,18,320,2,1,85747
2016,4,19,320,2,1,85299
2016,4,20,320,2,1,85299
2016,4,21,320,2,0,71680
2016,4,22,320,2,0,64960
2016,4,23,320,2,0,69440
2016,4,24,320,2,0,67200
2016,4,25,320,2,0,60480
2016,4,26,320,2,0,67200
2016,4,27,320,2,0,69440
2016,4,28,320,2,0,60480
2016,4,29,320,2,1,71456
2016,4,30,320,2,0,62720
2016,4,31,320,2,0,73920
2016,4,32,320,2,1,67132
2016,4,33,320,2,1,79564
2016,4,34,320,2,0,60480
2016,4,35,320,3,1,100464
2016,4,36,320,3,1,102860
2016,4,37,320,3,0,82880
2016,4,38,320,3,1,111955
2016,4,39,320,3,0,87360
2016,4,40,320,3,1,101292
2016,4,41,320,3,1,103040
2016,4,42,320,3,1,106624
2016,4,43,320,3,0,82880
2016,4,44,320,3,0,94080
2016,4,45,320,3,1,110073
2016,4,46,320,3,1,95312
2016,4,47,320,3,1,105369
2016,4,48,320,3,0,82880
2016,4,49,320,3,1,111955
2016,4,50,320,3,0,85120
2016,4,51,320,3,0,82880
2016,4,52,320,3,1,106624
2016,5,1,150,1,0,53550
2016,5,2,150,1,1,61950
2016,5,3,150,1,0,52500
2016,5,4,150,1,1,61047
2016,5,5,150,1,1,56752
2016,5,6,150,1,0,49350
2016,5,7,150,1,1,62475
2016,5,8,150,1,1,58968
2016,5,9,150,1,0,52500
2016,5,10,150,1,1,58138
2016,5,11,150,1,1,61225
2016,5,12,150,1,0,53550
2016,5,13,150,1,1,60196
2016,5,14,150,1,0,51450
2016,5,15,150,1,1,58233
2016,5,16,150,1,0,52500
2016,5,18,150,2,1,32634
2016,5,19,150,2,0,28350
2016,5,20,150,2,1,32886
2016,5,21,150,2,0,31500
2016,5,22,150,2,1,36781
2016,5,23,150,2,0,30450
2016,5,24,150,2,0,28350
2016,5,25,150,2,1,31752
2016,5,26,150,2,0,31500
2016,5,27,150,2,0,34650
2016,5,28,150,2,0,34650
2016,5,29,150,2,0,32550
2016,5,30,150,2,0,32550
2016,5,31,150,2,1,35322
2016,5,32,150,2,1,33799
2016,5,33,150,2,0,33600
2016,5,34,150,2,0,29400
2016,5,35,150,3,1,46200
2016,5,36,150,3,1,43900
2016,5,37,150,3,0,39900
2016,5,38,150,3,0,44100
2016,5,39,150,3,0,39900
2016,5,40,150,3,1,49833
2016,5,41,150,3,1,48730
2016,5,42,150,3,0,43050
2016,5,43,150,3,0,40950
2016,5,44,150,3,1,49833
2016,5,45,150,3,0,42000
2016,5,46,150,3,0,40950
2016,5,47,150,3,0,44100
2016,5,48,150,3,0,43050
2016,5,49,150,3,1,50368
2016,5,50,150,3,0,42000
2016,5,51,150,3,1,52038
2016,5,52,150,3,0,39900
2016,6,1,856,1,0,281624
2016,6,2,856,1,1,346457
2016,6,3,856,1,1,316377
2016,6,4,856,1,1,351430
2016,6,5,856,1,0,305592
2016,6,6,856,1,0,299600
2016,6,7,856,1,1,325904
2016,6,8,856,1,1,339207
2016,6,9,856,1,0,305592
2016,6,10,856,1,1,336151
2016,6,11,856,1,0,281624
2016,6,12,856,1,0,281624
2016,6,13,856,1,0,299600
2016,6,14,856,1,0,305592
2016,6,15,856,1,0,287616
2016,6,16,856,1,1,326683
2016,6,18,856,2,0,185752
2016,6,19,856,2,1,221464
2016,6,20,856,2,1,189586
2016,6,21,856,2,1,217329
2016,6,22,856,2,1,196297
2016,6,23,856,2,1,199533
2016,6,24,856,2,0,197736
2016,6,25,856,2,0,167776
2016,6,26,856,2,1,182815
2016,6,27,856,2,0,173768
2016,6,28,856,2,0,185752
2016,6,29,856,2,0,191744
2016,6,30,856,2,0,179760
2016,6,31,856,2,1,235305
2016,6,32,856,2,1,190905
2016,6,33,856,2,0,185752
2016,6,34,856,2,0,179760
2016,6,35,856,3,1,255019
2016,6,36,856,3,0,221704
2016,6,37,856,3,0,221704
2016,6,38,856,3,0,245672
2016,6,39,856,3,1,259573
2016,6,40,856,3,0,245672
2016,6,41,856,3,1,250465
2016,6,42,856,3,0,227696
2016,6,43,856,3,0,227696
2016,6,44,856,3,0,227696
2016,6,45,856,3,1,261610
2016,6,46,856,3,1,296963
2016,6,47,856,3,1,275152
2016,6,48,856,3,0,233688
2016,6,49,856,3,0,251664
2016,6,50,856,3,0,221704
2016,6,51,856,3,0,221704
2016,6,52,856,3,0,221704
2017,1,1,452,1,1,174020
2017,1,2,452,1,1,172501
2017,1,3,452,1,1,170539
2017,1,4,452,1,0,158200
2017,1,5,452,1,0,151872
2017,1,6,452,1,0,151872
2017,1,7,452,1,0,161364
2017,1,8,452,1,0,151872
2017,1,9,452,1,1,188795
2017,1,10,452,1,1,166552
2017,1,11,452,1,1,179114
2017,1,12,452,1,1,167059
2017,1,13,452,1,1,178291
2017,1,14,452,1,0,148708
2017,1,15,452,1,0,158200
2017,1,16,452,1,1,173640
2017,1,18,452,2,0,101248
2017,1,19,452,2,0,98084
2017,1,20,452,2,1,115897
2017,1,21,452,2,1,112385
2017,1,22,452,2,0,88592
2017,1,23,452,2,0,104412
2017,1,24,452,2,1,114758
2017,1,25,452,2,1,114758
2017,1,26,452,2,1,100931
2017,1,27,452,2,1,107259
2017,1,28,452,2,0,101248
2017,1,29,452,2,1,115897
2017,1,30,452,2,1,102766
2017,1,31,452,2,0,85428
2017,1,32,452,2,1,104601
2017,1,33,452,2,0,88592
2017,1,34,452,2,0,88592
2017,1,35,452,3,1,143012
2017,1,36,452,3,1,132255
2017,1,37,452,3,0,129724
2017,1,38,452,3,1,139469
2017,1,39,452,3,1,135798
2017,1,40,452,3,1,156807
2017,1,41,452,3,1,138203
2017,1,42,452,3,1,135735
2017,1,43,452,3,0,132888
2017,1,44,452,3,0,123396
2017,1,45,452,3,1,137064
2017,1,46,452,3,1,141905
2017,1,47,452,3,1,150163
2017,1,48,452,3,0,123396
2017,1,49,452,3,1,145544
2017,1,50,452,3,1,146841
2017,1,51,452,3,1,152821
2017,1,52,452,3,0,132888
2017,2,1,580,1,1,221351
2017,2,2,580,1,0,194880
2017,2,3,580,1,1,223300
2017,2,4,580,1,0,194880
2017,2,5,580,1,0,207060
2017,2,6,580,1,1,237510
2017,2,7,580,1,1,229390
2017,2,8,580,1,1,224112
2017,2,9,580,1,1,217534
2017,2,10,580,1,0,190820
2017,2,11,580,1,1,241570
2017,2,12,580,1,0,207060
2017,2,13,580,1,0,207060
2017,2,14,580,1,0,190820
2017,2,15,580,1,0,207060
2017,2,16,580,1,1,217534
2017,2,18,580,2,1,140070
2017,2,19,580,2,1,131868
2017,2,20,580,2,1,151397
2017,2,21,580,2,1,122774
2017,2,22,580,2,1,152006
2017,2,23,580,2,0,125860
2017,2,24,580,2,0,129920
2017,2,25,580,2,0,121800
2017,2,26,580,2,1,129595
2017,2,27,580,2,1,142912
2017,2,28,580,2,1,153305
2017,2,29,580,2,1,144739
2017,2,30,580,2,1,128255
2017,2,31,580,2,1,142506
2017,2,32,580,2,1,144942
2017,2,33,580,2,1,145997
2017,2,34,580,2,1,126184
2017,2,35,580,3,1,172793
2017,2,36,580,3,1,189764
2017,2,37,580,3,1,198087
2017,2,38,580,3,0,154280
2017,2,39,580,3,1,175879
2017,2,40,580,3,1,189764
2017,2,41,580,3,0,158340
2017,2,42,580,3,1,196422
2017,2,43,580,3,0,154280
2017,2,44,580,3,0,150220
2017,2,45,580,3,1,172793
2017,2,46,580,3,1,171250
2017,2,47,580,3,1,198087
2017,2,48,580,3,1,192687
2017,2,49,580,3,1,183106
2017,2,50,580,3,1,171250
2017,2,51,580,3,1,183512
2017,2,52,580,3,0,154280
2017,3,1,640,1,0,224000
2017,3,2,640,1,1,233721
2017,3,3,640,1,1,247296
2017,3,4,640,1,1,269606
2017,3,5,640,1,0,228480
2017,3,6,640,1,1,250880
2017,3,7,640,1,1,240844
2017,3,8,640,1,0,210560
2017,3,9,640,1,0,228480
2017,3,10,640,1,0,224000
2017,3,11,640,1,1,237932
2017,3,12,640,1,0,228480
2017,3,13,640,1,0,215040
2017,3,14,640,1,0,219520
2017,3,15,640,1,0,219520
2017,3,16,640,1,0,228480
2017,3,18,640,2,0,147840
2017,3,19,640,2,1,174451
2017,3,20,640,2,0,129920
2017,3,21,640,2,0,147840
2017,3,22,640,2,0,138880
2017,3,23,640,2,0,143360
2017,3,24,640,2,0,138880
2017,3,25,640,2,0,120960
2017,3,26,640,2,0,147840
2017,3,27,640,2,1,142732
2017,3,28,640,2,0,147840
2017,3,29,640,2,0,138880
2017,3,30,640,2,0,129920
2017,3,31,640,2,0,125440
2017,3,32,640,2,0,143360
2017,3,33,640,2,1,174451
2017,3,34,640,2,1,157248
2017,3,35,640,3,1,187308
2017,3,36,640,3,0,174720
2017,3,37,640,3,0,170240
2017,3,38,640,3,1,207872
2017,3,39,640,3,0,179200
2017,3,40,640,3,1,193939
2017,3,41,640,3,1,200928
2017,3,42,640,3,0,174720
2017,3,43,640,3,0,188160
2017,3,44,640,3,0,183680
2017,3,45,640,3,1,197478
2017,3,46,640,3,1,183993
2017,3,47,640,3,1,200928
2017,3,48,640,3,1,220147
2017,3,49,640,3,1,192371
2017,3,50,640,3,0,188160
2017,3,51,640,3,0,179200
2017,3,52,640,3,0,188160
2017,4,1,320,1,1,130233
2017,4,2,320,1,0,109760
2017,4,3,320,1,1,134803
2017,4,4,320,1,1,127948
2017,4,5,320,1,0,109760
2017,4,6,320,1,1,126560
2017,4,7,320,1,1,126224
2017,4,8,320,1,0,114240
2017,4,9,320,1,0,109760
2017,4,10,320,1,1,125283
2017,4,11,320,1,0,114240
2017,4,12,320,1,0,114240
2017,4,13,320,1,1,133660
2017,4,14,320,1,1,124028
2017,4,15,320,1,1,124723
2017,4,16,320,1,1,133280
2017,4,18,320,2,1,79564
2017,4,19,320,2,1,73920
2017,4,20,320,2,1,75936
2017,4,21,320,2,1,75353
2017,4,22,320,2,0,64960
2017,4,23,320,2,0,62720
2017,4,24,320,2,1,75936
2017,4,25,320,2,1,81939
2017,4,26,320,2,1,79296
2017,4,27,320,2,0,62720
2017,4,28,320,2,0,60480
2017,4,29,320,2,0,71680
2017,4,30,320,2,1,70873
2017,4,31,320,2,1,74704
2017,4,32,320,2,0,69440
2017,4,33,320,2,0,73920
2017,4,34,320,2,0,71680
2017,4,35,320,3,0,85120
2017,4,36,320,3,0,94080
2017,4,37,320,3,1,101248
2017,4,38,320,3,0,87360
2017,4,39,320,3,1,94483
2017,4,40,320,3,1,99456
2017,4,41,320,3,1,99590
2017,4,42,320,3,0,85120
2017,4,43,320,3,0,91840
2017,4,44,320,3,0,94080
2017,4,45,320,3,0,91840
2017,4,46,320,3,1,106310
2017,4,47,320,3,1,105728
2017,4,48,320,3,1,97888
2017,4,49,320,3,0,85120
2017,4,50,320,3,0,82880
2017,4,51,320,3,1,105369
2017,4,52,320,3,0,91840
2017,5,1,150,1,0,53550
2017,5,2,150,1,0,50400
2017,5,3,150,1,1,57960
2017,5,4,150,1,1,59682
2017,5,5,150,1,1,58464
2017,5,6,150,1,1,60511
2017,5,7,150,1,1,55765
2017,5,8,150,1,0,53550
2017,5,9,150,1,1,58653
2017,5,10,150,1,0,50400
2017,5,11,150,1,1,58233
2017,5,12,150,1,0,52500
2017,5,13,150,1,1,58653
2017,5,14,150,1,0,50400
2017,5,15,150,1,0,49350
2017,5,16,150,1,1,59325
2017,5,18,150,2,1,34713
2017,5,19,150,2,0,31500
2017,5,20,150,2,1,32035
2017,5,21,150,2,1,38083
2017,5,22,150,2,0,32550
2017,5,23,150,2,0,33600
2017,5,24,150,2,1,36781
2017,5,25,150,2,0,32550
2017,5,26,150,2,1,35910
2017,5,27,150,2,0,28350
2017,5,28,150,2,1,38640
2017,5,29,150,2,1,41233
2017,5,30,150,2,0,30450
2017,5,31,150,2,1,39501
2017,5,32,150,2,0,28350
2017,5,33,150,2,0,28350
2017,5,34,150,2,1,33799
2017,5,35,150,3,0,44100
2017,5,36,150,3,1,45864
2017,5,37,150,3,1,45045
2017,5,38,150,3,1,45843
2017,5,39,150,3,0,42000
2017,5,40,150,3,0,42000
2017,5,41,150,3,0,42000
2017,5,42,150,3,1,44289
2017,5,43,150,3,1,43890
2017,5,44,150,3,0,44100
2017,5,45,150,3,1,51229
2017,5,46,150,3,1,47880
2017,5,47,150,3,1,51597
2017,5,48,150,3,1,51597
2017,5,49,150,3,1,49507
2017,5,50,150,3,0,40950
2017,5,51,150,3,1,49077
2017,5,52,150,3,0,44100
2017,6,1,856,1,1,333634
2017,6,2,856,1,1,360598
2017,6,3,856,1,0,281624
2017,6,4,856,1,0,305592
2017,6,5,856,1,1,347536
2017,6,6,856,1,0,287616
2017,6,7,856,1,0,281624
2017,6,8,856,1,0,293608
2017,6,9,856,1,1,340585
2017,6,10,856,1,1,339386
2017,6,11,856,1,0,299600
2017,6,12,856,1,1,347536
2017,6,13,856,1,0,281624
2017,6,14,856,1,0,293608
2017,6,15,856,1,0,293608
2017,6,16,856,1,0,305592
2017,6,18,856,2,1,204926
2017,6,19,856,2,1,209899
2017,6,20,856,2,1,199533
2017,6,21,856,2,1,219486
2017,6,22,856,2,1,206783
2017,6,23,856,2,0,185752
2017,6,24,856,2,1,226257
2017,6,25,856,2,0,173768
2017,6,26,856,2,1,191144
2017,6,27,856,2,1,205046
2017,6,28,856,2,1,196357
2017,6,29,856,2,1,212116
2017,6,30,856,2,0,173768
2017,6,31,856,2,1,197975
2017,6,32,856,2,0,197736
2017,6,33,856,2,1,191264
2017,6,34,856,2,1,191144
2017,6,35,856,3,0,251664
2017,6,36,856,3,1,289413
2017,6,37,856,3,1,259573
2017,6,38,856,3,0,245672
2017,6,39,856,3,0,227696
2017,6,40,856,3,0,221704
2017,6,41,856,3,1,257056
2017,6,42,856,3,0,227696
2017,6,43,856,3,0,233688
2017,6,44,856,3,0,233688
2017,6,45,856,3,0,233688
2017,6,46,856,3,0,245672
2017,6,47,856,3,0,251664
2017,6,48,856,3,1,252742
2017,6,49,856,3,0,251664
2017,6,50,856,3,1,278028
2017,6,51,856,3,1,268441
2017,6,52,856,3,0,245672
2018,1,1,452,1,1,179208
2018,1,2,452,1,1,166552
2018,1,3,452,1,0,151872
2018,1,4,452,1,0,151872
2018,1,5,452,1,0,158200
2018,1,6,452,1,0,151872
2018,1,7,452,1,1,188795
2018,1,8,452,1,0,155036
2018,1,9,452,1,1,177690
2018,1,10,452,1,0,155036
2018,1,11,452,1,1,177690
2018,1,12,452,1,1,179114
2018,1,13,452,1,1,177500
2018,1,14,452,1,1,185568
2018,1,15,452,1,0,155036
2018,1,16,452,1,0,161364
2018,1,18,452,2,0,94920
2018,1,19,452,2,0,94920
2018,1,20,452,2,1,121117
2018,1,21,452,2,1,103652
2018,1,22,452,2,0,85428
2018,1,23,452,2,1,112796
2018,1,24,452,2,0,94920
2018,1,25,452,2,0,104412
2018,1,26,452,2,1,111372
2018,1,27,452,2,1,123206
2018,1,28,452,2,0,104412
2018,1,29,452,2,1,111056
2018,1,30,452,2,0,91756
2018,1,31,452,2,1,104601
2018,1,32,452,2,0,85428
2018,1,33,452,2,0,85428
2018,1,34,452,2,0,94920
2018,1,35,452,3,0,132888
2018,1,36,452,3,1,154150
2018,1,37,452,3,1,139216
2018,1,38,452,3,0,132888
2018,1,39,452,3,0,129724
2018,1,40,452,3,1,139469
2018,1,41,452,3,1,143076
2018,1,42,452,3,0,123396
2018,1,43,452,3,1,139437
2018,1,44,452,3,0,129724
2018,1,45,452,3,1,146809
2018,1,46,452,3,0,120232
2018,1,47,452,3,0,117068
2018,1,48,452,3,1,151777
2018,1,49,452,3,0,117068
2018,1,50,452,3,0,117068
2018,1,51,452,3,0,117068
2018,1,52,452,3,1,138266
2018,2,1,580,1,1,232759
2018,2,2,580,1,1,239540
2018,2,3,580,1,1,223259
2018,2,4,580,1,1,244330
2018,2,5,580,1,0,203000
2018,2,6,580,1,0,203000
2018,2,7,580,1,1,239540
2018,2,8,580,1,1,227766
2018,2,9,580,1,0,198940
2018,2,10,580,1,1,236048
2018,2,11,580,1,1,218265
2018,2,12,580,1,1,232759
2018,2,13,580,1,1,231420
2018,2,14,580,1,1,224112
2018,2,15,580,1,1,224802
2018,2,16,580,1,0,203000
2018,2,18,580,2,0,113680
2018,2,19,580,2,0,129920
2018,2,20,580,2,0,129920
2018,2,21,580,2,0,109620
2018,2,22,580,2,0,129920
2018,2,23,580,2,0,133980
2018,2,24,580,2,1,159436
2018,2,25,580,2,1,142506
2018,2,26,580,2,0,133980
2018,2,27,580,2,1,154077
2018,2,28,580,2,0,133980
2018,2,29,580,2,1,149773
2018,2,30,580,2,0,125860
2018,2,31,580,2,0,117740
2018,2,32,580,2,0,113680
2018,2,33,580,2,1,148717
2018,2,34,580,2,0,129920
2018,2,35,580,3,0,166460
2018,2,36,580,3,0,150220
2018,2,37,580,3,0,162400
2018,2,38,580,3,1,171250
2018,2,39,580,3,1,171250
2018,2,40,580,3,0,162400
2018,2,41,580,3,1,192687
2018,2,42,580,3,1,184770
2018,2,43,580,3,1,171250
2018,2,44,580,3,0,166460
2018,2,45,580,3,1,180264
2018,2,46,580,3,0,150220
2018,2,47,580,3,0,150220
2018,2,48,580,3,0,154280
2018,2,49,580,3,0,162400
2018,2,50,580,3,0,154280
2018,2,51,580,3,0,154280
2018,2,52,580,3,0,170520
2018,3,1,640,1,1,254643
2018,3,2,640,1,1,256838
2018,3,3,640,1,1,257600
2018,3,4,640,1,1,261228
2018,3,5,640,1,1,252448
2018,3,6,640,1,0,224000
2018,3,7,640,1,1,253747
2018,3,8,640,1,1,262752
2018,3,9,640,1,0,224000
2018,3,10,640,1,1,250880
2018,3,11,640,1,1,262080
2018,3,12,640,1,1,258182
2018,3,13,640,1,1,235827
2018,3,14,640,1,0,215040
2018,3,15,640,1,0,215040
2018,3,16,640,1,1,259840
2018,3,18,640,2,1,149184
2018,3,19,640,2,1,143942
2018,3,20,640,2,0,147840
2018,3,21,640,2,1,144211
2018,3,22,640,2,1,146809
2018,3,23,640,2,0,129920
2018,3,24,640,2,0,138880
2018,3,25,640,2,1,147840
2018,3,26,640,2,0,134400
2018,3,27,640,2,0,138880
2018,3,28,640,2,0,138880
2018,3,29,640,2,0,120960
2018,3,30,640,2,0,138880
2018,3,31,640,2,0,129920
2018,3,32,640,2,1,162624
2018,3,33,640,2,1,146764
2018,3,34,640,2,0,143360
2018,3,35,640,3,0,165760
2018,3,36,640,3,1,183993
2018,3,37,640,3,1,220147
2018,3,38,640,3,1,207916
2018,3,39,640,3,1,200704
2018,3,40,640,3,0,183680
2018,3,41,640,3,1,182336
2018,3,42,640,3,0,170240
2018,3,43,640,3,1,194073
2018,3,44,640,3,1,216742
2018,3,45,640,3,1,192371
2018,3,46,640,3,1,199180
2018,3,47,640,3,0,165760
2018,3,48,640,3,1,202496
2018,3,49,640,3,1,202675
2018,3,50,640,3,1,210739
2018,3,51,640,3,0,188160
2018,3,52,640,3,0,179200
2018,4,1,320,1,0,107520
2018,4,2,320,1,0,105280
2018,4,3,320,1,0,112000
2018,4,4,320,1,0,105280
2018,4,5,320,1,1,131040
2018,4,6,320,1,0,109760
2018,4,7,320,1,1,129091
2018,4,8,320,1,1,130614
2018,4,9,320,1,1,124230
2018,4,10,320,1,0,107520
2018,4,11,320,1,0,114240
2018,4,12,320,1,0,114240
2018,4,13,320,1,0,109760
2018,4,14,320,1,1,127948
2018,4,15,320,1,1,126806
2018,4,16,320,1,1,119347
2018,4,18,320,2,1,72755
2018,4,19,320,2,0,71680
2018,4,20,320,2,0,60480
2018,4,21,320,2,1,75264
2018,4,22,320,2,0,67200
2018,4,23,320,2,0,67200
2018,4,24,320,2,1,72755
2018,4,25,320,2,1,73920
2018,4,26,320,2,0,60480
2018,4,27,320,2,1,87964
2018,4,28,320,2,1,68992
2018,4,29,320,2,0,67200
2018,4,30,320,2,1,67737
2018,4,31,320,2,0,67200
2018,4,32,320,2,1,78467
2018,4,33,320,2,1,72128
2018,4,34,320,2,1,81244
2018,4,35,320,3,0,82880
2018,4,36,320,3,1,95312
2018,4,37,320,3,1,108371
2018,4,38,320,3,1,103779
2018,4,39,320,3,1,102211
2018,4,40,320,3,1,109132
2018,4,41,320,3,0,82880
2018,4,42,320,3,1,103958
2018,4,43,320,3,1,101292
2018,4,44,320,3,1,103084
2018,4,45,320,3,1,109289
2018,4,46,320,3,1,96969
2018,4,47,320,3,1,102211
2018,4,48,320,3,1,106624
2018,4,49,320,3,1,101337
2018,4,50,320,3,1,99590
2018,4,51,320,3,0,87360
2018,4,52,320,3,1,105369
2018,5,1,150,1,0,51450
2018,5,2,150,1,0,52500
2018,5,3,150,1,0,49350
2018,5,4,150,1,1,60711
2018,5,5,150,1,0,51450
2018,5,6,150,1,1,58233
2018,5,7,150,1,0,52500
2018,5,8,150,1,1,58138
2018,5,9,150,1,1,59325
2018,5,10,150,1,0,53550
2018,5,11,150,1,0,49350
2018,5,12,150,1,1,62653
2018,5,13,150,1,1,62475
2018,5,14,150,1,1,55272
2018,5,15,150,1,0,53550
2018,5,16,150,1,0,49350
2018,5,18,150,2,0,29400
2018,5,19,150,2,0,33600
2018,5,20,150,2,1,34650
2018,5,21,150,2,1,33453
2018,5,22,150,2,0,34650
2018,5,23,150,2,1,36781
2018,5,24,150,2,0,33600
2018,5,25,150,2,0,34650
2018,5,26,150,2,0,34650
2018,5,27,150,2,0,30450
2018,5,28,150,2,0,31500
2018,5,29,150,2,0,31500
2018,5,30,150,2,0,34650
2018,5,31,150,2,0,31500
2018,5,32,150,2,1,41233
2018,5,33,150,2,0,28350
2018,5,34,150,2,1,36855
2018,5,35,150,3,1,49938
2018,5,36,150,3,1,45066
2018,5,37,150,3,0,38850
2018,5,38,150,3,0,44100
2018,5,39,150,3,0,40950
2018,5,40,150,3,0,39900
2018,5,41,150,3,0,40950
2018,5,42,150,3,1,48321
2018,5,43,150,3,1,49938
2018,5,44,150,3,0,44100
2018,5,45,150,3,0,39900
2018,5,46,150,3,0,38850
2018,5,47,150,3,0,38850
2018,5,48,150,3,1,45066
2018,5,49,150,3,1,49392
2018,5,50,150,3,0,40950
2018,5,51,150,3,0,42000
2018,5,52,150,3,1,47911
2018,6,1,856,1,1,321051
2018,6,2,856,1,1,341544
2018,6,3,856,1,0,281624
2018,6,4,856,1,0,305592
2018,6,5,856,1,1,325006
2018,6,6,856,1,1,356524
2018,6,7,856,1,0,287616
2018,6,8,856,1,1,318235
2018,6,9,856,1,0,287616
2018,6,10,856,1,1,338548
2018,6,11,856,1,0,299600
2018,6,12,856,1,0,293608
2018,6,13,856,1,1,332556
2018,6,14,856,1,0,281624
2018,6,15,856,1,1,327882
2018,6,16,856,1,0,305592
2018,6,18,856,2,1,222423
2018,6,19,856,2,0,167776
2018,6,20,856,2,1,179580
2018,6,21,856,2,1,221464
2018,6,22,856,2,0,173768
2018,6,23,856,2,1,194620
2018,6,24,856,2,1,213914
2018,6,25,856,2,1,218588
2018,6,26,856,2,0,191744
2018,6,27,856,2,0,185752
2018,6,28,856,2,0,185752
2018,6,29,856,2,0,197736
2018,6,30,856,2,1,199533
2018,6,31,856,2,1,217329
2018,6,32,856,2,1,199653
2018,6,33,856,2,1,203128
2018,6,34,856,2,1,192522
2018,6,35,856,3,1,259393
2018,6,36,856,3,1,252742
2018,6,37,856,3,0,251664
2018,6,38,856,3,1,280425
2018,6,39,856,3,0,245672
2018,6,40,856,3,0,233688
2018,6,41,856,3,0,245672
2018,6,42,856,3,0,251664
2018,6,43,856,3,0,245672
2018,6,44,856,3,1,291930
2018,6,45,856,3,0,233688
2018,6,46,856,3,0,251664
2018,6,47,856,3,0,227696
2018,6,48,856,3,0,239680
2018,6,49,856,3,1,259573
2018,6,50,856,3,1,266404
2018,6,51,856,3,0,245672
2018,6,52,856,3,0,245672
2019,1,1,452,1,0,155036
2019,1,2,452,1,1,169527
2019,1,3,452,1,1,168040
2019,1,4,452,1,0,158200
2019,1,5,452,1,0,161364
2019,1,6,452,1,0,158200
2019,1,7,452,1,1,188258
2019,1,8,452,1,1,190409
2019,1,9,452,1,1,178766
2019,1,10,452,1,0,158200
2019,1,11,452,1,1,168577
2019,1,12,452,1,1,166552
2019,1,13,452,1,0,151872
2019,1,14,452,1,1,173988
2019,1,15,452,1,1,163578
2019,1,16,452,1,1,171014
2019,1,18,452,2,1,107892
2019,1,19,452,2,1,123206
2019,1,20,452,2,0,91756
2019,1,21,452,2,0,88592
2019,1,22,452,2,1,116941
2019,1,23,452,2,1,97451
2019,1,24,452,2,1,117447
2019,1,25,452,2,0,85428
2019,1,26,452,2,1,120485
2019,1,27,452,2,0,98084
2019,1,28,452,2,1,115422
2019,1,29,452,2,0,98084
2019,1,30,452,2,1,112954
2019,1,31,452,2,0,91756
2019,1,32,452,2,1,93970
2019,1,33,452,2,1,105519
2019,1,34,452,2,0,88592
2019,1,35,452,3,1,139310
2019,1,36,452,3,1,150606
2019,1,37,452,3,0,129724
2019,1,38,452,3,1,131116
2019,1,39,452,3,0,126560
2019,1,40,452,3,0,132888
2019,1,41,452,3,1,145607
2019,1,42,452,3,1,143076
2019,1,43,452,3,1,150606
2019,1,44,452,3,1,150163
2019,1,45,452,3,1,156807
2019,1,46,452,3,1,150163
2019,1,47,452,3,0,126560
2019,1,48,452,3,1,152821
2019,1,49,452,3,1,139469
2019,1,50,452,3,1,155478
2019,1,51,452,3,1,143139
2019,1,52,452,3,1,148834
2019,2,1,580,1,0,198940
2019,2,2,580,1,1,215626
2019,2,3,580,1,0,203000
2019,2,4,580,1,0,198940
2019,2,5,580,1,1,236048
2019,2,6,580,1,0,190820
2019,2,7,580,1,0,190820
2019,2,8,580,1,0,190820
2019,2,9,580,1,1,239540
2019,2,10,580,1,0,198940
2019,2,11,580,1,0,190820
2019,2,12,580,1,0,203000
2019,2,13,580,1,0,190820
2019,2,14,580,1,0,203000
2019,2,15,580,1,0,203000
2019,2,16,580,1,0,198940
2019,2,18,580,2,1,142221
2019,2,19,580,2,1,137634
2019,2,20,580,2,0,129920
2019,2,21,580,2,1,129514
2019,2,22,580,2,0,109620
2019,2,23,580,2,1,128458
2019,2,24,580,2,1,120582
2019,2,25,580,2,0,129920
2019,2,26,580,2,1,158096
2019,2,27,580,2,1,150057
2019,2,28,580,2,1,129351
2019,2,29,580,2,1,141288
2019,2,30,580,2,1,128255
2019,2,31,580,2,0,121800
2019,2,32,580,2,0,133980
2019,2,33,580,2,1,140110
2019,2,34,580,2,1,125048
2019,2,35,580,3,0,166460
2019,2,36,580,3,1,192687
2019,2,37,580,3,0,158340
2019,2,38,580,3,0,162400
2019,2,39,580,3,0,170520
2019,2,40,580,3,1,193256
2019,2,41,580,3,0,170520
2019,2,42,580,3,0,162400
2019,2,43,580,3,0,170520
2019,2,44,580,3,1,194392
2019,2,45,580,3,0,154280
2019,2,46,580,3,1,199508
2019,2,47,580,3,1,166744
2019,2,48,580,3,0,150220
2019,2,49,580,3,1,178924
2019,2,50,580,3,0,154280
2019,2,51,580,3,1,180507
2019,2,52,580,3,1,165242
2019,3,1,640,1,1,246355
2019,3,2,640,1,1,238694
2019,3,3,640,1,1,244249
2019,3,4,640,1,0,228480
2019,3,5,640,1,0,219520
2019,3,6,640,1,1,265036
2019,3,7,640,1,1,267321
2019,3,8,640,1,1,236544
2019,3,9,640,1,0,215040
2019,3,10,640,1,0,219520
2019,3,11,640,1,0,215040
2019,3,12,640,1,0,215040
2019,3,13,640,1,0,215040
2019,3,14,640,1,0,224000
2019,3,15,640,1,1,262080
2019,3,16,640,1,0,224000
2019,3,18,640,2,0,147840
2019,3,19,640,2,1,136684
2019,3,20,640,2,0,138880
2019,3,21,640,2,0,147840
2019,3,22,640,2,0,120960
2019,3,23,640,2,0,138880
2019,3,24,640,2,1,152006
2019,3,25,640,2,0,125440
2019,3,26,640,2,1,171494
2019,3,27,640,2,1,139238
2019,3,28,640,2,1,148019
2019,3,29,640,2,0,120960
2019,3,30,640,2,1,168537
2019,3,31,640,2,0,147840
2019,3,32,640,2,0,120960
2019,3,33,640,2,1,146764
2019,3,34,640,2,0,134400
2019,3,35,640,3,0,183680
2019,3,36,640,3,1,223910
2019,3,37,640,3,1,216742
2019,3,38,640,3,0,174720
2019,3,39,640,3,0,179200
2019,3,40,640,3,1,218265
2019,3,41,640,3,0,174720
2019,3,42,640,3,1,209664
2019,3,43,640,3,0,174720
2019,3,44,640,3,1,206169
2019,3,45,640,3,1,212620
2019,3,46,640,3,0,165760
2019,3,47,640,3,1,206080
2019,3,48,640,3,0,165760
2019,3,49,640,3,1,190624
2019,3,50,640,3,0,188160
2019,3,51,640,3,0,183680
2019,3,52,640,3,1,193939
2019,4,1,320,1,0,107520
2019,4,2,320,1,1,122124
2019,4,3,320,1,0,107520
2019,4,4,320,1,1,127321
2019,4,5,320,1,0,112000
2019,4,6,320,1,0,112000
2019,4,7,320,1,0,114240
2019,4,8,320,1,0,107520
2019,4,9,320,1,1,127948
2019,4,10,320,1,0,107520
2019,4,11,320,1,1,124028
2019,4,12,320,1,0,114240
2019,4,13,320,1,1,126806
2019,4,14,320,1,0,114240
2019,4,15,320,1,1,135945
2019,4,16,320,1,0,112000
2019,4,18,320,2,1,80550
2019,4,19,320,2,0,73920
2019,4,20,320,2,0,64960
2019,4,21,320,2,1,80550
2019,4,22,320,2,0,64960
2019,4,23,320,2,0,73920
2019,4,24,320,2,0,62720
2019,4,25,320,2,1,77952
2019,4,26,320,2,0,73920
2019,4,27,320,2,1,75264
2019,4,28,320,2,0,60480
2019,4,29,320,2,0,64960
2019,4,30,320,2,0,73920
2019,4,31,320,2,1,66528
2019,4,32,320,2,0,71680
2019,4,33,320,2,1,75353
2019,4,34,320,2,1,79968
2019,4,35,320,3,0,85120
2019,4,36,320,3,1,96969
2019,4,37,320,3,0,82880
2019,4,38,320,3,0,82880
2019,4,39,320,3,1,99590
2019,4,40,320,3,0,91840
2019,4,41,320,3,0,87360
2019,4,42,320,3,1,95312
2019,4,43,320,3,0,91840
2019,4,44,320,3,1,111955
2019,4,45,320,3,1,103936
2019,4,46,320,3,1,100441
2019,4,47,320,3,1,92825
2019,4,48,320,3,0,94080
2019,4,49,320,3,1,107251
2019,4,50,320,3,0,87360
2019,4,51,320,3,1,95312
2019,4,52,320,3,1,98560
2019,5,1,150,1,1,58905
2019,5,2,150,1,1,61950
2019,5,3,150,1,0,49350
2019,5,4,150,1,0,51450
2019,5,5,150,1,1,61225
2019,5,6,150,1,1,62653
2019,5,7,150,1,0,51450
2019,5,8,150,1,0,52500
2019,5,9,150,1,0,53550
2019,5,10,150,1,0,53550
2019,5,11,150,1,1,56595
2019,5,12,150,1,1,56448
2019,5,13,150,1,0,52500
2019,5,14,150,1,0,51450
2019,5,15,150,1,1,60375
2019,5,16,150,1,1,63189
2019,5,18,150,2,0,32550
2019,5,19,150,2,0,34650
2019,5,20,150,2,0,28350
2019,5,21,150,2,1,33453
2019,5,22,150,2,1,36540
2019,5,23,150,2,1,36855
2019,5,24,150,2,0,34650
2019,5,25,150,2,0,34650
2019,5,26,150,2,0,30450
2019,5,27,150,2,0,31500
2019,5,28,150,2,0,31500
2019,5,29,150,2,0,32550
2019,5,30,150,2,0,28350
2019,5,31,150,2,1,40540
2019,5,32,150,2,1,34650
2019,5,33,150,2,0,29400
2019,5,34,150,2,1,35626
2019,5,35,150,3,0,44100
2019,5,36,150,3,1,49140
2019,5,37,150,3,0,40950
2019,5,38,150,3,0,39900
2019,5,39,150,3,1,46620
2019,5,40,150,3,1,49980
2019,5,41,150,3,0,38850
2019,5,42,150,3,0,43050
2019,5,43,150,3,0,42000
2019,5,44,150,3,1,52038
2019,5,45,150,3,0,39900
2019,5,46,150,3,0,42000
2019,5,47,150,3,0,38850
2019,5,48,150,3,1,46284
2019,5,49,150,3,0,38850
2019,5,50,150,3,0,39900
2019,5,51,150,3,1,46620
2019,5,52,150,3,0,39900
2019,6,1,856,1,0,287616
2019,6,2,856,1,1,351430
2019,6,3,856,1,0,281624
2019,6,4,856,1,0,299600
2019,6,5,856,1,1,323867
2019,6,6,856,1,1,339207
2019,6,7,856,1,0,305592
2019,6,8,856,1,0,299600
2019,6,9,856,1,0,281624
2019,6,10,856,1,0,299600
2019,6,11,856,1,1,315418
2019,6,12,856,1,0,299600
2019,6,13,856,1,0,287616
2019,6,14,856,1,0,287616
2019,6,15,856,1,0,293608
2019,6,16,856,1,1,333634
2019,6,18,856,2,1,214753
2019,6,19,856,2,1,223441
2019,6,20,856,2,0,173768
2019,6,21,856,2,1,191144
2019,6,22,856,2,1,210918
2019,6,23,856,2,0,179760
2019,6,24,856,2,0,173768
2019,6,25,856,2,1,210918
2019,6,26,856,2,1,231351
2019,6,27,856,2,1,227396
2019,6,28,856,2,0,185752
2019,6,29,856,2,0,167776
2019,6,30,856,2,0,185752
2019,6,31,856,2,1,235305
2019,6,32,856,2,0,191744
2019,6,33,856,2,0,167776
2019,6,34,856,2,0,167776
2019,6,35,856,3,1,263827
2019,6,36,856,3,0,245672
2019,6,37,856,3,1,264067
2019,6,38,856,3,1,292349
2019,6,39,856,3,0,245672
2019,6,40,856,3,0,227696
2019,6,41,856,3,1,284979
2019,6,42,856,3,1,272695
2019,6,43,856,3,1,261730
2019,6,44,856,3,0,233688
2019,6,45,856,3,1,257056
2019,6,46,856,3,1,277609
2019,6,47,856,3,1,296963
2019,6,48,856,3,0,233688
2019,6,49,856,3,1,243874
2019,6,50,856,3,1,264127
2019,6,51,856,3,0,221704
2019,6,52,856,3,0,239680
2020,1,1,452,1,1,178291
2020,1,2,452,1,1,181392
2020,1,3,452,1,1,175475
2020,1,4,452,1,0,161364
2020,1,5,452,1,1,175475
2020,1,6,452,1,1,180727
2020,1,7,452,1,1,184492
2020,1,8,452,1,0,148708
2020,1,9,452,1,0,148708
2020,1,10,452,1,0,158200
2020,1,11,452,1,1,167059
2020,1,12,452,1,1,172501
2020,1,13,452,1,0,158200
2020,1,14,452,1,1,174652
2020,1,15,452,1,1,177184
2020,1,16,452,1,0,155036
2020,1,18,452,2,0,98084
2020,1,19,452,2,0,85428
2020,1,20,452,2,0,98084
2020,1,21,452,2,1,108873
2020,1,22,452,2,1,120485
2020,1,23,452,2,1,99096
2020,1,24,452,2,0,101248
2020,1,25,452,2,0,98084
2020,1,26,452,2,1,116719
2020,1,27,452,2,0,91756
2020,1,28,452,2,1,110834
2020,1,29,452,2,1,100805
2020,1,30,452,2,0,104412
2020,1,31,452,2,1,105519
2020,1,32,452,2,0,101248
2020,1,33,452,2,1,105519
2020,1,34,452,2,1,108272
2020,1,35,452,3,0,117068
2020,1,36,452,3,1,151492
2020,1,37,452,3,0,132888
2020,1,38,452,3,0,129724
2020,1,39,452,3,1,140671
2020,1,40,452,3,1,151777
2020,1,41,452,3,0,126560
2020,1,42,452,3,0,126560
2020,1,43,452,3,0,132888
2020,1,44,452,3,0,129724
2020,1,45,452,3,1,150479
2020,1,46,452,3,1,146176
2020,1,47,452,3,1,152821
2020,1,48,452,3,1,136969
2020,1,49,452,3,0,129724
2020,1,50,452,3,0,120232
2020,1,51,452,3,1,149182
2020,1,52,452,3,1,139310
2020,2,1,580,1,0,194880
2020,2,2,580,1,1,228781
2020,2,3,580,1,0,194880
2020,2,4,580,1,1,222812
2020,2,5,580,1,0,194880
2020,2,6,580,1,1,220823
2020,2,7,580,1,1,214368
2020,2,8,580,1,0,190820
2020,2,9,580,1,0,207060
2020,2,10,580,1,0,190820
2020,2,11,580,1,0,203000
2020,2,12,580,1,1,218265
2020,2,13,580,1,1,224112
2020,2,14,580,1,1,225167
2020,2,15,580,1,0,207060
2020,2,16,580,1,1,244330
2020,2,18,580,2,0,109620
2020,2,19,580,2,1,135198
2020,2,20,580,2,0,113680
2020,2,21,580,2,0,109620
2020,2,22,580,2,1,126063
2020,2,23,580,2,1,147256
2020,2,24,580,2,1,135279
2020,2,25,580,2,0,125860
2020,2,26,580,2,0,109620
2020,2,27,580,2,0,121800
2020,2,28,580,2,0,121800
2020,2,29,580,2,0,113680
2020,2,30,580,2,0,129920
2020,2,31,580,2,1,143480
2020,2,32,580,2,1,133005
2020,2,33,580,2,0,109620
2020,2,34,580,2,0,117740
2020,2,35,580,3,1,180507
2020,2,36,580,3,0,154280
2020,2,37,580,3,0,166460
2020,2,38,580,3,1,201213
2020,2,39,580,3,1,194392
2020,2,40,580,3,1,198087
2020,2,41,580,3,0,150220
2020,2,42,580,3,1,169748
2020,2,43,580,3,1,183593
2020,2,44,580,3,1,188424
2020,2,45,580,3,0,158340
2020,2,46,580,3,0,162400
2020,2,47,580,3,1,188384
2020,2,48,580,3,1,169708
2020,2,49,580,3,1,168246
2020,2,50,580,3,1,192687
2020,2,51,580,3,1,183674
2020,2,52,580,3,1,175757
2020,3,1,640,1,1,249446
2020,3,2,640,1,0,228480
2020,3,3,640,1,1,253747
2020,3,4,640,1,0,210560
2020,3,5,640,1,1,251328
2020,3,6,640,1,1,249446
2020,3,7,640,1,0,210560
2020,3,8,640,1,0,219520
2020,3,9,640,1,1,248640
2020,3,10,640,1,1,253612
2020,3,11,640,1,0,224000
2020,3,12,640,1,1,266560
2020,3,13,640,1,1,233721
2020,3,14,640,1,1,259033
2020,3,15,640,1,0,224000
2020,3,16,640,1,1,251596
2020,3,18,640,2,0,129920
2020,3,19,640,2,1,139104
2020,3,20,640,2,0,134400
2020,3,21,640,2,0,134400
2020,3,22,640,2,1,150707
2020,3,23,640,2,0,143360
2020,3,24,640,2,1,133056
2020,3,25,640,2,1,143942
2020,3,26,640,2,1,144211
2020,3,27,640,2,1,154604
2020,3,28,640,2,0,147840
2020,3,29,640,2,1,142732
2020,3,30,640,2,1,174451
2020,3,31,640,2,1,136684
2020,3,32,640,2,1,142912
2020,3,33,640,2,0,143360
2020,3,34,640,2,1,159129
2020,3,35,640,3,0,174720
2020,3,36,640,3,1,192192
2020,3,37,640,3,0,174720
2020,3,38,640,3,1,190624
2020,3,39,640,3,0,165760
2020,3,40,640,3,1,211232
2020,3,41,640,3,1,197120
2020,3,42,640,3,0,174720
2020,3,43,640,3,1,202048
2020,3,44,640,3,0,174720
2020,3,45,640,3,0,165760
2020,3,46,640,3,0,174720
2020,3,47,640,3,0,165760
2020,3,48,640,3,1,207872
2020,3,49,640,3,0,174720
2020,3,50,640,3,1,210739
2020,3,51,640,3,1,188966
2020,3,52,640,3,1,202496
2020,4,1,320,1,0,105280
2020,4,2,320,1,1,124723
2020,4,3,320,1,0,114240
2020,4,4,320,1,0,107520
2020,4,5,320,1,1,133660
2020,4,6,320,1,0,105280
2020,4,7,320,1,0,109760
2020,4,8,320,1,1,121072
2020,4,9,320,1,0,105280
2020,4,10,320,1,0,114240
2020,4,11,320,1,0,112000
2020,4,12,320,1,1,116860
2020,4,13,320,1,0,114240
2020,4,14,320,1,1,124723
2020,4,15,320,1,1,126560
2020,4,16,320,1,1,129920
2020,4,18,320,2,0,73920
2020,4,19,320,2,0,69440
2020,4,20,320,2,0,60480
2020,4,21,320,2,1,78848
2020,4,22,320,2,1,71366
2020,4,23,320,2,1,87225
2020,4,24,320,2,0,60480
2020,4,25,320,2,0,64960
2020,4,26,320,2,0,64960
2020,4,27,320,2,0,64960
2020,4,28,320,2,0,73920
2020,4,29,320,2,0,60480
2020,4,30,320,2,0,60480
2020,4,31,320,2,1,86486
2020,4,32,320,2,1,74592
2020,4,33,320,2,0,67200
2020,4,34,320,2,1,67737
2020,4,35,320,3,0,87360
2020,4,36,320,3,0,82880
2020,4,37,320,3,1,97036
2020,4,38,320,3,0,94080
2020,4,39,320,3,1,108371
2020,4,40,320,3,1,99456
2020,4,41,320,3,1,99590
2020,4,42,320,3,0,89600
2020,4,43,320,3,1,100352
2020,4,44,320,3,0,94080
2020,4,45,320,3,0,87360
2020,4,46,320,3,1,101942
2020,4,47,320,3,0,82880
2020,4,48,320,3,1,99590
2020,4,49,320,3,0,82880
2020,4,50,320,3,1,111955
2020,4,51,320,3,0,94080
2020,4,52,320,3,0,91840
2020,5,1,150,1,1,55765
2020,5,2,150,1,1,61225
2020,5,3,150,1,0,50400
2020,5,4,150,1,1,56952
2020,5,5,150,1,0,52500
2020,5,6,150,1,0,53550
2020,5,7,150,1,1,54285
2020,5,8,150,1,1,58138
2020,5,9,150,1,1,62118
2020,5,10,150,1,1,58233
2020,5,11,150,1,0,50400
2020,5,12,150,1,0,50400
2020,5,13,150,1,1,57739
2020,5,14,150,1,0,50400
2020,5,15,150,1,1,61950
2020,5,16,150,1,1,59325
2020,5,18,150,2,0,33600
2020,5,19,150,2,1,36456
2020,5,20,150,2,0,34650
2020,5,21,150,2,0,28350
2020,5,22,150,2,1,31468
2020,5,23,150,2,0,29400
2020,5,24,150,2,0,30450
2020,5,25,150,2,0,34650
2020,5,26,150,2,1,37170
2020,5,27,150,2,1,36235
2020,5,28,150,2,0,29400
2020,5,29,150,2,1,36960
2020,5,30,150,2,1,38976
2020,5,31,150,2,0,29400
2020,5,32,150,2,0,32550
2020,5,33,150,2,1,37296
2020,5,34,150,2,0,33600
2020,5,35,150,3,1,45864
2020,5,36,150,3,0,42000
2020,5,37,150,3,0,39900
2020,5,38,150,3,0,44100
2020,5,39,150,3,0,42000
2020,5,40,150,3,1,49140
2020,5,41,150,3,0,42000
2020,5,42,150,3,0,38850
2020,5,43,150,3,0,38850
2020,5,44,150,3,0,40950
2020,5,45,150,3,1,47502
2020,5,46,150,3,0,38850
2020,5,47,150,3,1,45885
2020,5,48,150,3,1,47481
2020,5,49,150,3,1,43123
2020,5,50,150,3,0,40950
2020,5,51,150,3,0,44100
2020,5,52,150,3,1,50715
2020,6,1,856,1,0,293608
2020,6,2,856,1,1,350532
2020,6,3,856,1,0,287616
2020,6,4,856,1,0,305592
2020,6,5,856,1,1,353528
2020,6,6,856,1,0,287616
2020,6,7,856,1,0,299600
2020,6,8,856,1,0,281624
2020,6,9,856,1,1,351430
2020,6,10,856,1,0,287616
2020,6,11,856,1,1,329500
2020,6,12,856,1,1,323867
2020,6,13,856,1,0,287616
2020,6,14,856,1,1,332316
2020,6,15,856,1,0,299600
2020,6,16,856,1,0,293608
2020,6,18,856,2,0,191744
2020,6,19,856,2,0,167776
2020,6,20,856,2,1,224340
2020,6,21,856,2,1,186051
2020,6,22,856,2,1,216670
2020,6,23,856,2,1,222423
2020,6,24,856,2,0,167776
2020,6,25,856,2,0,167776
2020,6,26,856,2,1,224340
2020,6,27,856,2,0,197736
2020,6,28,856,2,1,189287
2020,6,29,856,2,0,197736
2020,6,30,856,2,1,187669
2020,6,31,856,2,0,197736
2020,6,32,856,2,0,173768
2020,6,33,856,2,1,204926
2020,6,34,856,2,1,191264
2020,6,35,856,3,1,266044
2020,6,36,856,3,0,233688
2020,6,37,856,3,1,261610
2020,6,38,856,3,1,266404
2020,6,39,856,3,0,245672
2020,6,40,856,3,1,282522
2020,6,41,856,3,0,227696
2020,6,42,856,3,1,275751
2020,6,43,856,3,0,245672
2020,6,44,856,3,1,291930
2020,6,45,856,3,1,299480
2020,6,46,856,3,0,251664
2020,6,47,856,3,0,245672
2020,6,48,856,3,0,221704
2020,6,49,856,3,0,245672
2020,6,50,856,3,1,289413
2020,6,51,856,3,1,280425
2020,6,52,856,3,0,233688
2021,1,1,452,1,1,179114
2021,1,2,452,1,1,177184
2021,1,3,452,1,1,171014
2021,1,4,452,1,1,187182
2021,1,5,452,1,0,158200
2021,1,6,452,1,1,165065
2021,1,7,452,1,0,148708
2021,1,8,452,1,0,161364
2021,1,9,452,1,1,173988
2021,1,10,452,1,1,174652
2021,1,11,452,1,1,176962
2021,1,12,452,1,1,175190
2021,1,13,452,1,0,158200
2021,1,14,452,1,1,177690
2021,1,15,452,1,0,148708
2021,1,16,452,1,1,184492
2021,1,18,452,2,0,104412
2021,1,19,452,2,1,111372
2021,1,20,452,2,1,96533
2021,1,21,452,2,0,104412
2021,1,22,452,2,1,105424
2021,1,23,452,2,0,94920
2021,1,24,452,2,1,115422
2021,1,25,452,2,0,94920
2021,1,26,452,2,0,98084
2021,1,27,452,2,0,85428
2021,1,28,452,2,0,94920
2021,1,29,452,2,1,108208
2021,1,30,452,2,1,113397
2021,1,31,452,2,1,100994
2021,1,32,452,2,1,105424
2021,1,33,452,2,0,98084
2021,1,34,452,2,0,104412
2021,1,35,452,3,0,123396
2021,1,36,452,3,0,120232
2021,1,37,452,3,1,141873
2021,1,38,452,3,0,117068
2021,1,39,452,3,0,120232
2021,1,40,452,3,1,144278
2021,1,41,452,3,0,126560
2021,1,42,452,3,1,139216
2021,1,43,452,3,1,150606
2021,1,44,452,3,1,147505
2021,1,45,452,3,1,146588
2021,1,46,452,3,0,117068
2021,1,47,452,3,0,120232
2021,1,48,452,3,0,129724
2021,1,49,452,3,1,143012
2021,1,50,452,3,0,129724
2021,1,51,452,3,1,145607
2021,1,52,452,3,1,136969
2021,2,1,580,1,1,225330
2021,2,2,580,1,1,229836
2021,2,3,580,1,1,240189
2021,2,4,580,1,1,234749
2021,2,5,580,1,1,220214
2021,2,6,580,1,1,236738
2021,2,7,580,1,0,198940
2021,2,8,580,1,0,190820
2021,2,9,580,1,0,198940
2021,2,10,580,1,0,203000
2021,2,11,580,1,1,236738
2021,2,12,580,1,1,222812
2021,2,13,580,1,0,207060
2021,2,14,580,1,1,225167
2021,2,15,580,1,1,234749
2021,2,16,580,1,0,203000
2021,2,18,580,2,1,127321
2021,2,19,580,2,1,135401
2021,2,20,580,2,0,121800
2021,2,21,580,2,1,133005
2021,2,22,580,2,0,129920
2021,2,23,580,2,1,147256
2021,2,24,580,2,1,126184
2021,2,25,580,2,1,129351
2021,2,26,580,2,1,147256
2021,2,27,580,2,1,129351
2021,2,28,580,2,1,152737
2021,2,29,580,2,0,121800
2021,2,30,580,2,0,109620
2021,2,31,580,2,1,144211
2021,2,32,580,2,1,133005
2021,2,33,580,2,0,117740
2021,2,34,580,2,1,135401
2021,2,35,580,3,1,186435
2021,2,36,580,3,1,188424
2021,2,37,580,3,1,172753
2021,2,38,580,3,0,158340
2021,2,39,580,3,1,186760
2021,2,40,580,3,1,185257
2021,2,41,580,3,0,154280
2021,2,42,580,3,1,178964
2021,2,43,580,3,1,169748
2021,2,44,580,3,0,166460
2021,2,45,580,3,1,186435
2021,2,46,580,3,0,162400
2021,2,47,580,3,0,166460
2021,2,48,580,3,0,158340
2021,2,49,580,3,0,158340
2021,2,50,580,3,1,183593
2021,2,51,580,3,0,150220
2021,2,52,580,3,1,166744
2021,3,1,640,1,0,224000
2021,3,2,640,1,0,210560
2021,3,3,640,1,1,249446
2021,3,4,640,1,0,215040
2021,3,5,640,1,0,215040
2021,3,6,640,1,0,228480
2021,3,7,640,1,1,261228
2021,3,8,640,1,0,219520
2021,3,9,640,1,1,249446
2021,3,10,640,1,0,215040
2021,3,11,640,1,1,235827
2021,3,12,640,1,0,219520
2021,3,13,640,1,0,215040
2021,3,14,640,1,1,233721
2021,3,15,640,1,1,245145
2021,3,16,640,1,1,245862
2021,3,18,640,2,1,161100
2021,3,19,640,2,0,129920
2021,3,20,640,2,1,161996
2021,3,21,640,2,1,169164
2021,3,22,640,2,1,147840
2021,3,23,640,2,1,144211
2021,3,24,640,2,1,141747
2021,3,25,640,2,1,152768
2021,3,26,640,2,0,143360
2021,3,27,640,2,0,125440
2021,3,28,640,2,0,134400
2021,3,29,640,2,1,159712
2021,3,30,640,2,1,164102
2021,3,31,640,2,0,120960
2021,3,32,640,2,1,152006
2021,3,33,640,2,0,138880
2021,3,34,640,2,0,125440
2021,3,35,640,3,0,179200
2021,3,36,640,3,1,211456
2021,3,37,640,3,0,183680
2021,3,38,640,3,1,213068
2021,3,39,640,3,0,165760
2021,3,40,640,3,1,193939
2021,3,41,640,3,1,209395
2021,3,42,640,3,1,211232
2021,3,43,640,3,1,182336
2021,3,44,640,3,1,183993
2021,3,45,640,3,1,200928
2021,3,46,640,3,1,187308
2021,3,47,640,3,1,209664
2021,3,48,640,3,0,165760
2021,3,49,640,3,0,170240
2021,3,50,640,3,0,179200
2021,3,51,640,3,0,174720
2021,3,52,640,3,0,188160
2021,4,1,320,1,1,130233
2021,4,2,320,1,1,128800
2021,4,3,320,1,0,114240
2021,4,4,320,1,0,107520
2021,4,5,320,1,0,105280
2021,4,6,320,1,0,105280
2021,4,7,320,1,0,114240
2021,4,8,320,1,1,121497
2021,4,9,320,1,0,107520
2021,4,10,320,1,1,128419
2021,4,11,320,1,1,124230
2021,4,12,320,1,1,129516
2021,4,13,320,1,0,105280
2021,4,14,320,1,0,109760
2021,4,15,320,1,1,126224
2021,4,16,320,1,0,114240
2021,4,18,320,2,0,62720
2021,4,19,320,2,0,67200
2021,4,20,320,2,1,74636
2021,4,21,320,2,1,78624
2021,4,22,320,2,1,80550
2021,4,23,320,2,1,76384
2021,4,24,320,2,0,67200
2021,4,25,320,2,0,60480
2021,4,26,320,2,0,71680
2021,4,27,320,2,1,69552
2021,4,28,320,2,0,64960
2021,4,29,320,2,1,70156
2021,4,30,320,2,0,60480
2021,4,31,320,2,0,71680
2021,4,32,320,2,0,69440
2021,4,33,320,2,0,62720
2021,4,34,320,2,0,69440
2021,4,35,320,3,0,94080
2021,4,36,320,3,1,96969
2021,4,37,320,3,0,82880
2021,4,38,320,3,0,94080
2021,4,39,320,3,1,104428
2021,4,40,320,3,1,91168
2021,4,41,320,3,0,87360
2021,4,42,320,3,0,87360
2021,4,43,320,3,1,100441
2021,4,44,320,3,0,82880
2021,4,45,320,3,0,89600
2021,4,46,320,3,0,82880
2021,4,47,320,3,1,103936
2021,4,48,320,3,1,97843
2021,4,49,320,3,0,94080
2021,4,50,320,3,0,89600
2021,4,51,320,3,0,82880
2021,4,52,320,3,0,94080
2021,5,1,150,1,0,50400
2021,5,2,150,1,0,52500
2021,5,3,150,1,0,51450
2021,5,4,150,1,1,55272
2021,5,5,150,1,0,53550
2021,5,6,150,1,0,49350
2021,5,7,150,1,1,60196
2021,5,8,150,1,0,51450
2021,5,9,150,1,1,55272
2021,5,10,150,1,0,50400
2021,5,11,150,1,0,51450
2021,5,12,150,1,0,53550
2021,5,13,150,1,0,52500
2021,5,14,150,1,1,58726
2021,5,15,150,1,0,53550
2021,5,16,150,1,1,58464
2021,5,18,150,2,0,30450
2021,5,19,150,2,0,30450
2021,5,20,150,2,0,32550
2021,5,21,150,2,0,31500
2021,5,22,150,2,0,28350
2021,5,23,150,2,0,28350
2021,5,24,150,2,0,29400
2021,5,25,150,2,0,34650
2021,5,26,150,2,1,35280
2021,5,27,150,2,1,38461
2021,5,28,150,2,1,35910
2021,5,29,150,2,1,38461
2021,5,30,150,2,0,34650
2021,5,31,150,2,1,34398
2021,5,32,150,2,1,38409
2021,5,33,150,2,1,34408
2021,5,34,150,2,0,34650
2021,5,35,150,3,0,43050
2021,5,36,150,3,0,38850
2021,5,37,150,3,0,38850
2021,5,38,150,3,1,50368
2021,5,39,150,3,1,47502
2021,5,40,150,3,0,40950
2021,5,41,150,3,0,40950
2021,5,42,150,3,0,38850
2021,5,43,150,3,1,49507
2021,5,44,150,3,0,39900
2021,5,45,150,3,1,51597
2021,5,46,150,3,0,39900
2021,5,47,150,3,0,39900
2021,5,48,150,3,0,42000
2021,5,49,150,3,1,51229
2021,5,50,150,3,1,48300
2021,5,51,150,3,1,43890
2021,5,52,150,3,1,45843
2021,6,1,856,1,1,316377
2021,6,2,856,1,1,345318
2021,6,3,856,1,1,348374
2021,6,4,856,1,0,287616
2021,6,5,856,1,1,351430
2021,6,6,856,1,0,305592
2021,6,7,856,1,0,299600
2021,6,8,856,1,0,305592
2021,6,9,856,1,1,340585
2021,6,10,856,1,1,354486
2021,6,11,856,1,0,293608
2021,6,12,856,1,0,281624
2021,6,13,856,1,1,346457
2021,6,14,856,1,1,336510
2021,6,15,856,1,1,309786
2021,6,16,856,1,1,351430
2021,6,18,856,2,0,179760
2021,6,19,856,2,0,173768
2021,6,20,856,2,1,218588
2021,6,21,856,2,1,199653
2021,6,22,856,2,1,210319
2021,6,23,856,2,1,199533
2021,6,24,856,2,0,185752
2021,6,25,856,2,0,173768
2021,6,26,856,2,0,191744
2021,6,27,856,2,1,189287
2021,6,28,856,2,1,217329
2021,6,29,856,2,1,203308
2021,6,30,856,2,0,191744
2021,6,31,856,2,1,181198
2021,6,32,856,2,0,179760
2021,6,33,856,2,1,204926
2021,6,34,856,2,0,185752
2021,6,35,856,3,0,251664
2021,6,36,856,3,0,233688
2021,6,37,856,3,1,299480
2021,6,38,856,3,1,259393
2021,6,39,856,3,0,233688
2021,6,40,856,3,1,270838
2021,6,41,856,3,0,239680
2021,6,42,856,3,0,239680
2021,6,43,856,3,1,264127
2021,6,44,856,3,1,257056
2021,6,45,856,3,0,233688
2021,6,46,856,3,0,227696
2021,6,47,856,3,1,286896
2021,6,48,856,3,0,233688
2021,6,49,856,3,1,266404
2021,6,50,856,3,0,227696
2021,6,51,856,3,1,250525
2021,6,52,856,3,0,245672
2022,1,1,452,1,1,181392
2022,1,2,452,1,0,158200
2022,1,3,452,1,0,151872
2022,1,4,452,1,0,161364
2022,1,5,452,1,1,192023
2022,1,6,452,1,0,151872
2022,1,7,452,1,0,148708
2022,1,8,452,1,0,151872
2022,1,9,452,1,1,178766
2022,1,10,452,1,1,179114
2022,1,11,452,1,0,158200
2022,1,12,452,1,0,148708
2022,1,13,452,1,1,170096
2022,1,14,452,1,0,161364
2022,1,15,452,1,1,175475
2022,1,16,452,1,1,174652
2022,1,18,452,2,1,107892
2022,1,19,452,2,0,98084
2022,1,20,452,2,1,101849
2022,1,21,452,2,0,98084
2022,1,22,452,2,1,101880
2022,1,23,452,2,1,101659
2022,1,24,452,2,1,119472
2022,1,25,452,2,1,112796
2022,1,26,452,2,1,119472
2022,1,27,452,2,0,88592
2022,1,28,452,2,1,111815
2022,1,29,452,2,1,107892
2022,1,30,452,2,0,98084
2022,1,31,452,2,1,96533
2022,1,32,452,2,1,113777
2022,1,33,452,2,0,98084
2022,1,34,452,2,1,100805
2022,1,35,452,3,1,134659
2022,1,36,452,3,0,123396
2022,1,37,452,3,1,129945
2022,1,38,452,3,1,138140
2022,1,39,452,3,0,126560
2022,1,40,452,3,1,143076
2022,1,41,452,3,0,123396
2022,1,42,452,3,1,143139
2022,1,43,452,3,1,156807
2022,1,44,452,3,0,120232
2022,1,45,452,3,1,143076
2022,1,46,452,3,1,136969
2022,1,47,452,3,0,132888
2022,1,48,452,3,0,129724
2022,1,49,452,3,0,117068
2022,1,50,452,3,1,129945
2022,1,51,452,3,1,150479
2022,1,52,452,3,1,133457
2022,2,1,580,1,1,227075
2022,2,2,580,1,0,194880
2022,2,3,580,1,0,190820
2022,2,4,580,1,1,238119
2022,2,5,580,1,1,231907
2022,2,6,580,1,0,203000
2022,2,7,580,1,0,190820
2022,2,8,580,1,0,198940
2022,2,9,580,1,1,241570
2022,2,10,580,1,0,194880
2022,2,11,580,1,0,198940
2022,2,12,580,1,1,231420
2022,2,13,580,1,0,194880
2022,2,14,580,1,0,207060
2022,2,15,580,1,0,194880
2022,2,16,580,1,1,227075
2022,2,18,580,2,1,130447
2022,2,19,580,2,0,117740
2022,2,20,580,2,1,125048
2022,2,21,580,2,0,133980
2022,2,22,580,2,0,113680
2022,2,23,580,2,0,113680
2022,2,24,580,2,0,109620
2022,2,25,580,2,1,158096
2022,2,26,580,2,0,129920
2022,2,27,580,2,0,121800
2022,2,28,580,2,1,147256
2022,2,29,580,2,0,113680
2022,2,30,580,2,1,131868
2022,2,31,580,2,0,113680
2022,2,32,580,2,1,129514
2022,2,33,580,2,0,109620
2022,2,34,580,2,0,121800
2022,2,35,580,3,1,189277
2022,2,36,580,3,1,180264
2022,2,37,580,3,0,162400
2022,2,38,580,3,1,188384
2022,2,39,580,3,1,177422
2022,2,40,580,3,1,182091
2022,2,41,580,3,0,154280
2022,2,42,580,3,1,190982
2022,2,43,580,3,1,169748
2022,2,44,580,3,1,183593
2022,2,45,580,3,0,154280
2022,2,46,580,3,1,165242
2022,2,47,580,3,1,174336
2022,2,48,580,3,1,172793
2022,2,49,580,3,0,158340
2022,2,50,580,3,0,166460
2022,2,51,580,3,1,174174
2022,2,52,580,3,0,150220
2022,3,1,640,1,0,210560
2022,3,2,640,1,0,210560
2022,3,3,640,1,0,228480
2022,3,4,640,1,0,210560
2022,3,5,640,1,0,210560
2022,3,6,640,1,1,257600
2022,3,7,640,1,0,228480
2022,3,8,640,1,0,215040
2022,3,9,640,1,1,251596
2022,3,10,640,1,1,250252
2022,3,11,640,1,1,261228
2022,3,12,640,1,1,253747
2022,3,13,640,1,0,224000
2022,3,14,640,1,0,215040
2022,3,15,640,1,1,242144
2022,3,16,640,1,0,215040
2022,3,18,640,2,0,125440
2022,3,19,640,2,0,147840
2022,3,20,640,2,1,175929
2022,3,21,640,2,0,134400
2022,3,22,640,2,0,138880
2022,3,23,640,2,0,143360
2022,3,24,640,2,0,120960
2022,3,25,640,2,1,155904
2022,3,26,640,2,1,169164
2022,3,27,640,2,0,129920
2022,3,28,640,2,1,143001
2022,3,29,640,2,0,125440
2022,3,30,640,2,1,145510
2022,3,31,640,2,1,163878
2022,3,32,640,2,1,159712
2022,3,33,640,2,0,143360
2022,3,34,640,2,0,138880
2022,3,35,640,3,0,174720
2022,3,36,640,3,1,220147
2022,3,37,640,3,1,197120
2022,3,38,640,3,1,192371
2022,3,39,640,3,0,183680
2022,3,40,640,3,0,165760
2022,3,41,640,3,1,200704
2022,3,42,640,3,1,223910
2022,3,43,640,3,1,214502
2022,3,44,640,3,0,183680
2022,3,45,640,3,0,165760
2022,3,46,640,3,0,165760
2022,3,47,640,3,0,174720
2022,3,48,640,3,0,165760
2022,3,49,640,3,0,174720
2022,3,50,640,3,0,165760
2022,3,51,640,3,1,209395
2022,3,52,640,3,1,209664
2022,4,1,320,1,1,116860
2022,4,2,320,1,1,126560
2022,4,3,320,1,1,124028
2022,4,4,320,1,1,134803
2022,4,5,320,1,0,109760
2022,4,6,320,1,1,117913
2022,4,7,320,1,0,105280
2022,4,8,320,1,0,114240
2022,4,9,320,1,1,121497
2022,4,10,320,1,0,112000
2022,4,11,320,1,1,121072
2022,4,12,320,1,1,120422
2022,4,13,320,1,0,105280
2022,4,14,320,1,1,124723
2022,4,15,320,1,1,133280
2022,4,16,320,1,1,132518
2022,4,18,320,2,1,76384
2022,4,19,320,2,1,68342
2022,4,20,320,2,1,70873
2022,4,21,320,2,1,86486
2022,4,22,320,2,1,68992
2022,4,23,320,2,0,64960
2022,4,24,320,2,1,66528
2022,4,25,320,2,1,82051
2022,4,26,320,2,0,60480
2022,4,27,320,2,0,71680
2022,4,28,320,2,1,69552
2022,4,29,320,2,0,73920
2022,4,30,320,2,0,69440
2022,4,31,320,2,1,67737
2022,4,32,320,2,1,78624
2022,4,33,320,2,0,67200
2022,4,34,320,2,0,69440
2022,4,35,320,3,1,100441
2022,4,36,320,3,0,91840
2022,4,37,320,3,0,94080
2022,4,38,320,3,0,89600
2022,4,39,320,3,1,102860
2022,4,40,320,3,0,94080
2022,4,41,320,3,1,109289
2022,4,42,320,3,1,104697
2022,4,43,320,3,0,94080
2022,4,44,320,3,0,91840
2022,4,45,320,3,0,82880
2022,4,46,320,3,0,82880
2022,4,47,320,3,1,96969
2022,4,48,320,3,0,91840
2022,4,49,320,3,0,87360
2022,4,50,320,3,0,91840
2022,4,51,320,3,1,94483
2022,4,52,320,3,1,96969
2022,5,1,150,1,1,56448
2022,5,2,150,1,1,59167
2022,5,3,150,1,0,50400
2022,5,4,150,1,1,62118
2022,5,5,150,1,1,58905
2022,5,6,150,1,0,49350
2022,5,7,150,1,1,55440
2022,5,8,150,1,0,50400
2022,5,9,150,1,1,63189
2022,5,10,150,1,0,49350
2022,5,11,150,1,0,52500
2022,5,12,150,1,1,55440
2022,5,13,150,1,0,52500
2022,5,14,150,1,1,60900
2022,5,15,150,1,1,59325
2022,5,16,150,1,0,51450
2022,5,18,150,2,0,28350
2022,5,19,150,2,1,37632
2022,5,20,150,2,0,32550
2022,5,21,150,2,0,30450
2022,5,22,150,2,1,32035
2022,5,23,150,2,1,34986
2022,5,24,150,2,1,35910
2022,5,25,150,2,1,35322
2022,5,26,150,2,0,33600
2022,5,27,150,2,1,35017
2022,5,28,150,2,1,38409
2022,5,29,150,2,1,33736
2022,5,30,150,2,0,32550
2022,5,31,150,2,0,34650
2022,5,32,150,2,1,36130
2022,5,33,150,2,0,34650
2022,5,34,150,2,0,29400
2022,5,35,150,3,1,50799
2022,5,36,150,3,1,47785
2022,5,37,150,3,0,40950
2022,5,38,150,3,0,39900
2022,5,39,150,3,1,48321
2022,5,40,150,3,0,40950
2022,5,41,150,3,0,39900
2022,5,42,150,3,1,45454
2022,5,43,150,3,0,38850
2022,5,44,150,3,1,44688
2022,5,45,150,3,1,51156
2022,5,46,150,3,0,39900
2022,5,47,150,3,1,44289
2022,5,48,150,3,0,39900
2022,5,49,150,3,1,48321
2022,5,50,150,3,1,48321
2022,5,51,150,3,1,43890
2022,5,52,150,3,0,38850
2022,6,1,856,1,0,281624
2022,6,2,856,1,1,343521
2022,6,3,856,1,0,305592
2022,6,4,856,1,0,287616
2022,6,5,856,1,1,327882
2022,6,6,856,1,1,339207
2022,6,7,856,1,1,329560
2022,6,8,856,1,0,299600
2022,6,9,856,1,0,287616
2022,6,10,856,1,0,305592
2022,6,11,856,1,1,325904
2022,6,12,856,1,0,293608
2022,6,13,856,1,0,305592
2022,6,14,856,1,1,336151
2022,6,15,856,1,0,293608
2022,6,16,856,1,0,287616
2022,6,18,856,2,0,173768
2022,6,19,856,2,1,226257
2022,6,20,856,2,1,208521
2022,6,21,856,2,1,189287
2022,6,22,856,2,1,211757
2022,6,23,856,2,1,211757
2022,6,24,856,2,1,228175
2022,6,25,856,2,0,179760
2022,6,26,856,2,0,185752
2022,6,27,856,2,1,219187
2022,6,28,856,2,0,179760
2022,6,29,856,2,1,187909
2022,6,30,856,2,0,167776
2022,6,31,856,2,0,179760
2022,6,32,856,2,0,167776
2022,6,33,856,2,1,226257
2022,6,34,856,2,0,167776
2022,6,35,856,3,0,239680
2022,6,36,856,3,0,239680
2022,6,37,856,3,0,227696
2022,6,38,856,3,1,261610
2022,6,39,856,3,0,233688
2022,6,40,856,3,0,233688
2022,6,41,856,3,1,280425
2022,6,42,856,3,0,227696
2022,6,43,856,3,1,279347
2022,6,44,856,3,1,259393
2022,6,45,856,3,1,257056
2022,6,46,856,3,0,251664
2022,6,47,856,3,1,261610
2022,6,48,856,3,1,263827
2022,6,49,856,3,0,227696
2022,6,50,856,3,0,221704
2022,6,51,856,3,0,227696
2022,6,52,856,3,0,221704
